	Compound 1:  IS_LPC_17:0	Compound 2:  IS_LPC_19:0	Compound 3:  IS_TAG 17:0/17:0/17:0	Compound 4:  IS_TAG(15:0/18:1)_d7+NH4	Compound 5:  IS_PG 17:0_17:0_DROP NOt sure about	Compound 6:  IS_PC_17:0/17:0	Compound 7:  IS_PC_19:0/19:0	Compound 8:  IS PE 17:0 17:0 NL141	Compound 9:  IS_SM_d18:1_17:0	Compound 10:  IS_PE_17:0_17:0	Compound 11:  IS PE(15:0/18:1)_d7 NL141	Compound 12:  IS_CE_18:1_d7+PEG_Possible IS	Compound 13:  PC 17:0	Compound 14:  PC 19:0	Compound 15:  PC 30:1	Compound 16:  PC 32:0	Compound 17:  PC 32:1	Compound 18:  PC 32:2	Compound 19:  PC 34:0	Compound 20:  PC 34:1	Compound 21:  PC 34:2	Compound 22:  PC 34:3	Compound 23:  PC 34:4	Compound 24:  PC 35:1	Compound 25:  PC 35:2	Compound 26:  PC 35:4	Compound 27:  PC 36:1	Compound 28:  PC36:1_2	Compound 29:  PC 36:2	Compound 30:  PC 36:3	Compound 31:  PC 36:3_2	Compound 32:  PC 36:4	Compound 33:  PC 36:4_2	Compound 34:  PC 36:5	Compound 35:  PC 37:4	Compound 36:  PC 38:0	Compound 37:  PC 38:3	Compound 38:  PC 38:6_big_peak	Compound 39:  PC 38:2	Compound 40:  PC 38:3_splitpeak	Compound 41:  PC 38:4	Compound 42:  PC38:5	Compound 43:  PC 38:5_2	Compound 44:  PC 39:0	Compound 45:  PC 40:5	Compound 46:  PC 40:6	Compound 47:  PC 40:7	Compound 48:  PC-plasm 34:0	Compound 49:  PC-plasm 34:1	Compound 50:  PC-plasm 36:2	Compound 51:  PC-plasm 36:4	Compound 52:  PC-plasm 36:5	Compound 53:  PC-plasm 38:5	Compound 54:  PC-plasm 38:6	Compound 55:  PC-plasm 38:4	Compound 56:  PC-plasm 40:5	Compound 57:  LPC 14:0_NOT_Good	Compound 58:  LPC 16:0	Compound 59:  LPC 16:1	Compound 60:  LPC 18:0	Compound 61:  LPC 18:1	Compound 62:  LPC 18:2_DROP	Compound 63:  LPC 18:3_DROP	Compound 64:  LPC 20:3	Compound 65:  LPC 20:4_Notgood	Compound 66:  LPC 22:6_not good	Compound 67:  LPC 20:5_not good	Compound 68:  SM 32:1;O2	Compound 69:  SM 33:1;O2	Compound 70:  SM 34:1;O2	Compound 71:  SM 34:2;O2	Compound 72:  SM 35:1;O2	Compound 73:  SM 36:1;O2	Compound 74:  SM 18:4_NOTgood	Compound 75:  SM 18:3	Compound 76:  SM 20:3_notgood	Compound 77:  SM 42:3;O2	Compound 78:  SM 14:6	Compound 79:  SM 40:1;O2	Compound 80:  SM 42:2;O2	Compound 81:  SM 25:0	Compound 82:  SM 32:1	Compound 83:  TG 44:0	Compound 84:  TG 46:0	Compound 85:  TG 46:1	Compound 86:  TG 48:0 NH4	Compound 87:  TG 48:1	Compound 88:  TG 48:2 NH4	Compound 89:  TG 48:3	Compound 90:  TG 49:0	Compound 91:  TG 50:0	Compound 92:  TG 50:1	Compound 93:  TG 50:2	Compound 94:  TG 50:3	Compound 95:  TG 50:4 NH4	Compound 96:  TG 51:1 NH4	Compound 97:  TG 51:2 NH4_checkPP	Compound 98:  TG 52:0	Compound 99:  TG 52:1	Compound 100:  TG 52:2	Compound 101:  TG 52:4	Compound 102:  TG 52:3_drop	Compound 103:  TG 55:8	Compound 104:  TG 52:5 NH4	Compound 105:  TG 53:2 NH4	Compound 106:  TG 54:1_CheckPP	Compound 107:  TG 54:2_cehckPP	Compound 108:  TG 54:4	Compound 109:  TG 54:5	Compound 110:  TG 54:7	Compound 111:  TG 56:2	Compound 112:  TG 56:3	Compound 113:  TG 56:4 NH4	Compound 114:  TG 56:5 NH4	Compound 115:  TG 56:6 NH4_notgood	Compound 116:  TG 56:7 NH4_notgood	Compound 117:  Cer 18:1;O2/16:0	Compound 118:  Cer d18:1/17:0	Compound 119:  Cer d18:1/22:0	Compound 120:  Cer d18:1/22:1_not in CLIG	Compound 121:  Cer 18:1;O2/24:1	Compound 122:  DHCer d18:0/24:1_not in CLIG	Compound 123:  Cer d18:1/24:0	Compound 124:  DHCer d18:0/24:0	Compound 125:  DHCer d18:0/22:0	Compound 126:  DG 32:1 -H2O	Compound 127:  DG 34:0 -H2O	Compound 128:  DG 34:1 -H2O	Compound 129:  DG 34:2	Compound 130:  DG 34:2 -H2O	Compound 131:  DG 36:1 -H2O	Compound 132:  DG 36:2	Compound 133:  DG 36:2 -H2O	Compound 134:  DG 36:3	Compound 135:  DG 36:3 -H2O	Compound 136:  DG 36:4	Compound 137:  DG 36:4 -H2O	Compound 138:  LPE 18:1	Compound 139:  Cholesterol	Compound 140:  Cholesterol from Cholesterol esters_checkPP	Compound 141:  7-hydroxycholesterol_possible	Compound 142:  Lanosterol fragment +H-H2O	Compound 143:  Lanosterol fragment +H-H2O off Cholesterol esters	Compound 144:  CE 12:0 +H-H2O	Compound 145:  CE 14:0 +H-H2O	Compound 146:  CE 14:1 +H-H2O	Compound 147:  CE 16:0 +H-H2O	Compound 148:  CE 16:1	Compound 149:  CE 16:1+H-H2O	Compound 150:  CE 16:2 +H-H20	Compound 151:  CE 18:0 +H-H2O	Compound 152:  CE 18:1 +H-H2O	Compound 153:  CE 18:2 +H-H2O
EC72_Lipidomics_000095_Pool	79.178	1311.246	455.946	91.578	1.963	8635.312	1411.157	3143.102	667.082	38.061	18.282	293.201	8829.188	1428.586	108.119	3387.639	2124.105	171.46	184.37	12731.919	1404.389	283.345	247.192	122.356	414.146	152.195	144.808	2245.534	6969.531	985.56	347.309	237.121	1099.305	166.926	19.481	1428.586	410.836		308.739	689.222	832.308	347.373	213.887	58.867	366.687	171.245	37.635	658.009	159.844	106.059	14.254	29.96		120.677	245.753	15.998	9.385	15.976	10.733	17.242	22.496	4.035	1.348	8.212	4.531	0.786	0.93	63.248	11.757	17.532	56.635	684.383	87.297	0.039	36.008	8.969	225.423	72069.438	33.412	695.216	13.84	7.072	55.273	156.916	31.228	369.6	57.815	37.908	39.649	172.923	349.237	120.671	126.554	44.238	20.881	23.736	18.732	135.776	68.016	386.082	399.597		2017.19	120.882	12.053	61.848	211.649	1621.056	1154.76	409.405	25.054	57.907	60.548	31.75	11.326	3.659	173.658	10.683	40.994	7.56	31.611	142.285	18.808	9.348	2.256	289.657	92.632	560.1	61.883	4121.638	925.892	38.46	2559.298	1168.857	3073.963	2068.856	2118.807	30.47	2.564	91.083	41.75	136.372	254.441	40.392	121.166	20.62	3.855	6.002	5.03	130.945	1.281	6.623	7.072
EC72_Lipidomics_000096_Solvent	0.968		47.477	0.557	0.013	0.473	2.608	1.849	0.065			137.051	0.369	0.284	10.481	2.215	1.232	2.372	0.287	2.903	3.011	0.947	3.068		9.672	0.272			4.214		0.731	0.013	0.149	0.146	0.273	4.812	2.557	0.142		0.1		1.188	1.274	0.468			0.668	6.822	1.57	1.092	0.241	2.256				0.332	4.336	1.682	0.943	2.024	2.033	0.309	0.436	3.106	0.245	2.424	0.626	0.418	1.371				1.3		3.558	0.639		2052.989	0.769	2.201	12.134		69.224	183.851	28.114	253.691	45.103	22.371	12.554	102.24	157.661	26.155	28.902	14.632	2.567	14.679	16.787	71.16	9.694	38.086	6.717	0.175	0.292		2.871	4.576	9.924	3.807	17.374	0.681	3.454	0.847	1.922	6.406	2.438	1.627	0.868		1.026		0.801	0.753	0.632	0.295	1.275		0.396	2.182	1.097	2.296	2.577	0.687	3.43			0.678	1.414	1.181	3.796	28.98	2.28	6.93	3.42	50.425	26.792	2.927	5.132	1.111	0.046	5.626	0.667	1.538	1.886
EC72_Lipidomics_000097_POS_072-153_5 µM epi:nor_24	361.366	5520.687	409.284	1.398		7856.252	3105.968	652.817	2164.946	0.573		206.056	7867.141	3113.188	510.248	2107.076	4713.992	682.821	810.052	7494.83	3063.744	323.483	862.387	309.084	355.534	438.588	556.699	2406.338	5354.998	954.04	1357.739	555.563	867.749	541.522	53.055	3113.188	676.747	197.402	465.253	756.457	1495.491	761.552	620.814	140.924	231.16	420.47	138.944	1021.764	84.511	55.08	86.407	10.761	56.21	203.489	94.079	15.741	3.797	757.943	2.306	98.018	707.814		151.711	1.357	24.883	5.558	1.758	280.969	73.107	2450.538	252.363	2209.706	40.51	70.165	614.095	0.688	196.736	4146.785	131.156	1078.512	25.19	2.945	67.866	211.422	36.828	323.359	73.483	46.651	40.243	162.626	263.548	113.299	50.817	24.176	1.868	16.837	25.898	37.791	59.104	136.85	0.306	1.669	1.395	13.818	9.072	8.267		26.107		0.122		7.667	12.906	6.015	6.636	1.698	42.954	0.523	0.852		79.144	0.703	36.094	2.603	0.632	12.585	19.539	4.745	2.036	2.52			6.034		0.751		0.86	1.568	298.587	148.409	0.633	8.71	3.332	108.898	102.777	15.813	4.459	2.062	12.504	8.496	8.608	0.749	1.232
EC72_Lipidomics_000098_POS_072-156_TNFa_24	92.914	1514.6	441.015	2.995	0.406	3346.359	857.468	571.129	837.871	103.118	0.902	506.841	3427.293	879.966	269.288	2228.04	3639.029	319.836	685.363	6948.718	2639.139	295.851	426.291	191.273	373.521	207.896	362.457	1798.384	4092.708	400.597	1335.551	379.36	704.963	325.231	24.086	879.966	554.317	176.384	307.303	491.962	1108.71	707.734	427.587	195.471	110.674	360.989	182.683	708.049	109.787	62.187	72.018	28.746	76.882	84.79	91.285	13.207	0.527	7.757	7.405	28.068	21.322	5.823	4.279		1.595	1.361	7.552	113.728	34.149	686.215	98.146	871.641	23.947	7.822	41.869	2.663	78.189	5607.489	20.173	335.558	5.459	16.637	52.243	248.405	44.102	549.645	84.716	81.73	29.844	240.826	603.314	199.015	245.987	58.393	29.211	52.187	36.645	285.059	113.866	728.372	489.052		2436.102	158.581	31.938	111.348	316.127	2212.19	1322.355	519.877	47.063	75.279	144.791	57.255	20.867	1.159	81.607	39.429	50.334	11.714	96.003	152.589	54.348	13.415	3.876	179.739	86.401	688.902	63.715	2488.169	1198.223	68.886	2749.313	504.697	1154.314	911.354	903.492	36.346	103.019	20.308	78.947	104.516	273.187	28.95	148.117	34.765	12.198	7.592	38.504	182.226	1.372	1.7	1.313
EC72_Lipidomics_000099_POS_072-150_5 µM nor_24	55.495	690.1	222.392	4.033	0.928	1250.731	509.652	193.162	242.284	34.998	0.366	396.744	1326.53	510.077	167.383	1065.262	2432.365	179.912	318.638	4803.17	1688.116	140.529	267.768	88.883	213.072	170.739	140.95	1094.899	2786.522	128.349	689.251	282.723	407.147	135.368	15.535	510.077	202.657	154.344	132.916	317.166	677.404	294.051	199.041	53.865	76.634	162.253	53.865	448.15	113.752	50.371	75.893	10.616	77.087	104.229	86.476	8.848	1.331	32.734	6.945		24.338	3.662	35.857		0.766	1.753	0.678	69.064	13.068	336.704	72.425	262.88	14.25	5.186	52.346	21.984	74.475	5687.775	19.691	176.655	16.045	16.165	68.87	244.108	31.297	500.448	89.927	53.92	41.32	162.939	503.921	140.686	146.494	56.96	34.089	31.363	26.167	187.607	82.755	522.632	566.205	0.765	954.689	147.712	20.924	63.768	188.615	1959.993	1473.865	575.498	29.185	56.566	84.952	98.912	20.187	7.059	41.403	20.853	34.176	9.834	59.692	270.656	27.059	21.877	3.675	133.273	64.564	664.791	56.921	2143.491	984.728	84.509	2857.787	478.647	1045.492	802.801	781.297	25.731	75.366	134.639	24.328	85.775	192.175	144.414	105.133	36.961		8.907	25.145	134.718	1.909	2.164	1.697
EC72_Lipidomics_000100_POS_072-138_5 µM epi:nor_4	86.621	1626.135	1280.559	0.706	0.286	93.289	1988.856	583.571	907.052	49.75	0.062	2162.766	93.484	1978.367	210.155	1461.959	3148.667	285.923	642.485	5701.199	2654.773	185.95	426.792	102.847	385.678	219.472	308.068	3370.017	3551.206	20.451	1294.034	590.284	587.656	342.774	210.399	1978.367	416.342	217.887	738.856	593.405	1122.03	994.062	337.685	163.601		405.421	124.926	781.37	128.141	89.491	158.535	59.854	116.356	93.901	157.389	13.354		19.074	36.483	29.638	5.006	13.509	1.061	66.525	0.567	5.154	0.797	112.837	14.206	729.209	103.138	920.379	2.538	4.593	93.136		668.209	47364.813	17.029	633.22	151.721	1.151	53.942	32.214	32.933	2244.945	394.046	6.804	7.053	73.586	2323.229	577.436	806.35	38.184	100.915	188.453	176.502	307.548	642.651	2520.408	63.242	1.362	12218.365	147.746	111.047	184.799	1531.45	13408.33	909.073	1860.586	74.392	481.025	602.232	32.358	70.24	36.344	27.049	141.739	210.996	105.736	269.483	820.863	89.305	82.274	14.841	1120.918	287.846	3515.583	156.065	9538.52	6325.274	289.215	11535.305	1264.817	3130.216	3010.431	3717.191	29.547	95.35	140.722	71.248	140.757	1009.222	568.578	388.709	272.21	7.764	0.567	71.24	758.354	1.582	3.233	4.835
EC72_Lipidomics_000101_POS_072-146_0µM_24	88.01	1479.378	461.959	1.483	3.689	4206.637	1078.786	665.449	785.337	48.782	0.071	517.459	4207.114	1059.629	175.327	1731.361	2834.902	261.256	573.768	5706.942	1981.357	229.558	347.776	104.02	286.686	122.015	333.169	1474.608	3225.189	478.119	935.511	266.441	591.468	199.763	16.663	1071.39	336.509	154.708	216.999	375.129	839.545	461.918	323.99	74.374	83.96	249.664	74.374	561.197	129.101	68.804	109.31	45.657	107.819	121.636	107.119	21.499		31.447	0.626	32.72	23.689	3.166	9.124		2.323	1.747	2.544	104.616	9.645	565.164	108.918	816.737	28.591	5.228	28.783	1.233	124.275	6361.007	33.097	349.655	6.309	12.191	55.708	219.765	34.446	540.334	44.747	49.414	24.685	143.403	666.562	193.701	202.844	57.458	35.865	52.754	40.211	297.122	230.569	622.17	577.278		2391.796	205.134	29.357	110.022	301.325	2497.21	1619.858	680.459	49.283	87.865	158.078	28.159	12.819	5.997	39.456	37.315	62.727	18.431	51.542	244.604	45.326	29.328	0.4	203.561	99.644	731.194	61.653	2846.73	1228.987	74.714	3036.621	540.724	1293.796	1082.589	1062.502	50.502	72.582	60.814	76.591	110.046	356.394	167.325	156.147	35.736	11.47		15.918	180.483	1.633	0.716	3.281
EC72_Lipidomics_000102_POS_072-155_5 µM epi:nor_24	207.826	2817.315	943.542	131.65		6291.593	2407.629	447.182	1503.521	113.764	4.339	380.306	6292.54	2375.154	469.384	1871.16	4898.777	671.513	676.042	7371.714	3284.273	305.425	895.275	300.438	343.22	278.68	19.767	2332.365	5243.24	834.668	1197.109	555.225	878.745	579.175	24.627	2375.154	618.343	227.887	459.649	759.294	1370.903	621.81	625.358	174.37	206.298	395.181	154.672	1036.42	126.689	89.02	37.519	3.025	86.796	69.956	141.305	6.399	8.493	98.68	9.753	85.075	81.826		9.886	0.63	6.464	0.385	2.32	182.92	42.342	1685.651	200.288	1539.5	38.955	51.019	446.155	1.097	179.653	5126.555	192.447	787.571	33.365	4.345	157.855	427.465	76.572	656.448	161.841	75.917	33.014	156.438	507.196	233.19	185.347	48.277	3.996	44.828	51.718	250.941	129.043	275.644	27.993		1.773	5.011	17.858	53.142	110.55	190.701	51.984	6.571	19.265	0.323	21.79	6.411	18.82	0.93	41.901		1.977	0.199	64.54	20.104	38.568	8.981	1.323	15.2	40.315	20.772	7.577	51.977	21.229	0.652	63.289	10.06	20.214	8.775	8.765	4.521	317.91	529.37	1.995	2.5	8.909	168.075	225.679	41.377	13.777	0.287	2.478	20.408	2.21	3.501	1.886
EC72_Lipidomics_000103_POS_072-151_5 µM nor_24	317.024	5941.271	439.473	0.666	0.619	4193.679	1066.263	524.882	847.445	19.474	0.125	560.009	4219.355	1071.906	192.476	1734.083	2912.469	264.791	501.767	5595.822	1953.641	240.939	409.627	104.011	314.059	165.225	304.137	1353.674	3082.856	497.706	835.303	320.7	592.973	229.915	29.651	1071.906	290.457	163.044	214.399	374.913	849.494	497.958	301.782	69.577	115.504	271.859	69.577	567.057	89.476	46.169	153.48	46.263	79.265	65.044	86.827	3.292	4.564	43.569	3.504	108.075	115.32	26.722	16.982	1.028	8.253	3.128	0.428	100.274	18.808	743.835	82.836	860.952	33.49	2.06	60.778	0.845	129.482	4952.026	21.813	376.686	23.418	2.918	63.376	250.738	33.004	620.927	107.463	64.989	45.82	226.98	690.255	178.086	208.315	56.673	23.369	33.688	37.46	286.591	140.312	570.124	515.708	0.06	2375.533	124.339	18.466	106.608	306.915	2359.188	1417.391	595.313	47.32	91.504	105.717	66.753	9.66	0.481	40.361	41.349	58.852	16.572	61.908	271.848	52.064	39.095	6.069	202.657	79.508	755.562	71.06	2715.234	1218.676	70.23	2658.368	505.391	1309.177	965.35	950.014	96.02	89.324	33.301	60.473	26.135	379.244	154.783	145.68	44.813	12.623	14.89	18.678	132.703		5.287	2.642
EC72_Lipidomics_000104_Solvent	2.758		49.769	1.075	0.597	2.592			0.46	0.434	0.643	193.37	1.491		3.183	0.988	1.117	5.294	1.177		3.747	0.753	1.267	0.533	1.271		1.469		0.559	0.137		0.312		0.672		17.904	0.03	0.088			1.385	1.773	0.106	1.985			0.802	5.268	2.728	1.299						1.597	8.392	2.71	1.897	1.144	0.972		1.534	0.818	2.32	0.737	0.888	0.626	0.253	1.558		0.46	0.271	0.923	0.638	0.456	0.302	2112.401	0.606	0.741	0.252	0.247	60.307	226.376	42.936	352.243	34.239	41.569	37.5	107.612	210.836	43.518	23.973	19.26		8.604	25.278	64.277	24.772	32.657	0.503	0.316	1.934		4.823	2.161	13.343	5.217	1.25	1.366		1.104		6.694	0.842	0.181	0.839		0.049	0.021	1.492		0.809	2.844	3.331		9.78		9.563	1.752		1.129	1.261		5.047	0.682	0.189	0.585	0.743	31.711	0.713	2.049	1.521	39.759	16.46	0.198	4.172	1.069		6.569	8.067	2.729	4.161
EC72_Lipidomics_000105_Pool	75.245	1332.784	480.902	90.692	0.751	2454.233	856.749	573.675	673.641	24.853	18.112	341.64	2492.271	850.682	128.003	1204.967	2186.222	172.085	432.375	3946.05	1552.001	143.37	259.642	52.391	222.676	149.09	232.748	679.016	2089.228	275.087	580.135	281.2	400.516	146.831	7.29	850.682	106.522	142.708	118.17	203.884	580.904	417.25	230.453	64.056	54.613	150.408	64.056	352.152	68.524	46.828	58.685	29.58	74.493	53.84	75.313	7.519	1.507	19.284	1.496	28.003	24.457	8.76	1.819	14.488	4.831	0.796	9.87	59.368	8.745	496.143	44.215	699.895	13.473	1.631	35.915		42.483	22140.979	8.523	161.655	8.31	6.068	62.111	192.435	41.038	441.426	73.323	26.409	11.485	148.352	379.458	120.249	153.987	40.399	3.736	18.615	29.183	163.076	54.648	491.654	432.238	0.129	2116.353	162.868	11.519	71.643	195.345	1770.318	1199.576	435.942	19.068	62.814	75.818	31.962	5.299	3.402	53.961	22.479	37.68	15.711	37.176	135.398	20.409	10.285	2.177	146.483	59.758	572.448	57.533	2004.151	888.472	75.104	2377.938	437.537	980.195	637.324	589.388	19.883	65.064	77.673	27.647	65.374	255.299	45.068	131.637	18.049	4.044	3.008	28.167	105.042	12.846	5.926	1.528
EC72_Lipidomics_000106_Solvent			44.44		0.531	0.578		2.089	1.85	1.16	0.197	166.261	0.83			0.816	0.636	3.105	0.849	1.77	0.22	1.394	0.656	0.469	2.396			2.924	2.891	0.184	0.249	0.2	1.887	2.123	0.697	2.123	0.422		0.42	0.055		0.688	1.064	1.992	0.31		0.954	1.541	4.639	1.122		0.242			0.311	4.643	0.988	1.253	1.811	4.495		4.825	2.168	0.212	0.67	3.06	0.309	0.204	0.763	0.494	1.45	1.126	0.358	0.138	1.857	1.112	0.646	2176.22	0.305	0.746	4.983	1.765	98.36	225.888	32.844	256.923	27.965	34.372	29.338	148.76	205.008	44.798	17.794	7.144	5.091	17.857	15.997	62.838	0.32	27.079	3.915	0.261	0.548		5.603	1.23	3.886	1.083	38.789	0.967	2.953		0.918	6.452	1.046	0.879	0.716		0.123	0.335	1.733	0.247	0.145	2.636	0.891		17.358		3.561	1.478	1.881				6.371	1.018	0.23	1.647	1.598	45.546	0.871	7.193	3.656	4.679	6.066	7.502	4.345	0.974	3.155	0.793	0.405	2.728	5.44
EC72_Lipidomics_000107_POS_072-157_TNFa_24	110.493	1555.071	544.996	0.348	0.311	4075.4	1151.453	507.837	909.693	88.913	0.392	554.179	4145.839	1134.53	249.934	2354.572	3563.466	310.26	692.631	6894.861	2599.649	328.083	476.183	180.341	394.381	195.576	101.672	1819.808	3796.254	510.501	1326.652	358.917	730.536	330.45	17.057	1134.53	420.178	173.629	283.585	504.027	1095.597	766.904	349.269	219.266	156.582	366.613	142.31	717.811	157.542	60.834	114.825	24.66	95.902	59.954	91.811	12.677	1.095	12.572	0.894	26.833	27.538	11.899	8.464	3.396	2.6	0.489	0.509	97.57	21.213	697.91	102.126	926.457	21.589	4.713	68.558	4.029	142.982	6427.544	29.325	362.967	4.806	19.42	53.396	231.376	57.985	568.56	131.078	48.671	43.718	224.175	622.338	236.909	274.723	54.133	20.746	33.909	57.192	356.566	141.609	831.93	560.508	0.217	2642.465	199.017	28.497	131.855	371.99	2575.777	1607.554	617.887	42.21	119.539	150.129	142.429	27.193	5.169	83.667	32.565	43.646	7.9	3.724	233.446	41.055	34.198	2.821	232.632	93.38	806.636	77.813	2917.079	1280.328	99.183	3068.19	602.695	1346.723	1237.215	1089.383	74.078	99.687	17.934	61.654	105.83	376.757	28.119	201.013	83.049	17.576	12.281	32.759	218.364	7.148	4.276	5.087
EC72_Lipidomics_000108_POS_072-136_5 µM nor_4	60.668	1261.108	464.969	6.146	0.473	3064.562	641.748	658.156	722.715	17.107		498.751	3073.477	642.619	129.701	1144.617	2056.017	186.172	438.474	4007.439	1623.874	152.764	253.134	65.861	232.928	116.542	224.259	812.287	2293.885	372.316	690.631	322.25	422.534	189.199	10.831	642.619	184.487	130.969	144.707	243.793	703.628	497.031	228.33	74.447	63.658	199.186	74.447	413.031	122.301	39.547	112.931	55.959	97.405	71.268	102.17	3.68	7.138	10.112	32.502	18.49	2.523	9.545	1.232	52.967	1.989	0.832	1.991	71.309		457.812	59.573	779.587	22.947	4.06	35.245	5.025	49.674	9316.582	17.188	154.922	16.161	4.617	63.526	247.833	44.296	573.924	79.234	20.675	16.31	153.441	609.714	188.571	198.229	59.979	40.995	36.268	35.866	215.551	131.372	619.152	560.408	0.368	2869.988	183.711	27.076	125.927	360.539	2654.259	1615.463	625.896	48.391	100.572	157.548	51.067	5.658	6.13	27.442	32.434	63.445	23.547	28.343	232.418	20.903	24.872	0.773	201.62	96.51	798.872	94.598	2838.881	1275.926	95.732	3127.499	603.953	1368.841	1124.248	1051.742	26.634	64.999	21.086	78.125	94.015	381.345	137.361	136.292	30.482	14.241	12.945	13.74	204.672	1.643		4.49
EC72_Lipidomics_000109_POS_072-130_0µM_4	65.564	990.196	493.368	1.273	0.301	3451.421	1379.638	637.806	979.445	28.259	0.374	538.741	3482.904	1349.628	112.056	1087.858	1676.139	173.106	366.479	3436.776	1458.547	153.257	263.601	74.956	183.043	78.263	175.826	703.876	2003.202	416.512	598.572	249.531	437.015	253.19	8.765	1359.554	175.371	106.435	113.598	143.942	611.828	461.899	231.454	85.304	56.309	205.321	73.615	313.794	77.225	36.196	83.352	17.967	65.9	135.367	63.478	8.791		9.975	6.194	26.047	13.221	8.104	20.395	32.196	2.397	1.811	4.186	45.993	7.101	699.47	47.169	1015.697	28.862	4.794	116.624	5.29	48.504	9563.719	23.595	234.814	5.72	16.467	71.601	321.766	53.752	670.476	105.112	14.445	1.931	225.344	546.005	159.878	174.204	46.418	21.269	35.667	20.161	230.307	103.797	477.916	376.854	0.49	2141.776	125.356	15.457	83.647	225.101	1671.796	1116.643	398.652		72.213	84.488	24.605	8.59	9.574	20.46	36.919	30.484	11.275	34.423	224.691	26.55	18.635	3.959	127.22	82.122	597.06	50.098	1881.224	877.379	62.356	2302.379	429.999	912.418	659.226	618.789	29.338	56.511	39.657	56.99	96.937	310.887	163.793	167.663	30.08	4.369		6.887	112.954	2.611	5.0	10.642
EC72_Lipidomics_000110_POS_072-131_0µM_4	77.391	1027.05	428.283	1.367	0.16	3672.862	824.741	695.987	952.656	49.263	0.447	492.927	3675.386	819.765	96.993	1319.047	2184.964	214.526	398.736	3640.102	1859.413	165.465	354.759	31.24	262.385	62.511	153.977	831.389	2067.81	471.07	824.573	344.112	331.59	323.644	4.888	832.351	192.789	146.322	160.946	114.958	685.258	650.155	134.118	59.932		215.417	59.932	288.309	100.059	42.531	138.287	3.955	99.284	130.187	69.936	4.739	10.059	16.064	11.328	22.783	11.402	1.336	3.322	44.721	7.352	1.848	0.473	89.746	15.677	700.665	47.118	984.959	36.084	2.275	93.929	2.871	48.861	14797.422	15.556	235.784	5.636	5.601	70.666	221.003	46.781	604.248	2.837	33.81	34.631	195.766	541.589	112.583	156.774	44.805	25.839	28.485	35.514	221.541	106.851	457.979	388.095	1.369	2636.556	159.029	12.193	74.039	257.312	1690.062		520.102	36.072	67.342	110.93	58.185	12.227	4.051	23.554	38.906	39.644	9.806	45.976	222.686	24.621	16.366	2.212	185.05	68.547	588.05	99.064	2451.063	1446.381	129.958	1978.59	500.798	1070.526	911.405	912.077	46.529	81.365	89.363	64.803	144.741	373.288	369.001	237.303	103.191	9.606		31.216	376.366	4.517	4.477	8.405
EC72_Lipidomics_000111_POS_072-144_0µM_24	100.726	1049.643	464.544	1.635	0.207	3908.422	671.63	724.132	486.72	35.607	0.023	699.091	3917.56	666.407	309.266	2093.635	3923.184	381.098	859.175	7975.482	2257.508	252.929	507.627	186.042	426.635	198.442	446.633	1978.292	4407.867	481.359	1092.116	255.309	807.395	220.709	23.232	666.407	542.122	235.507	293.162	567.402	1196.003	536.869	472.138	80.127	127.414	348.71	80.127	762.041	133.345	89.658	135.829	23.627	150.375	126.153	136.003	28.791	1.199	28.104	2.77	41.02	26.994	20.676	4.882		1.364	1.442	2.116	147.664	15.765	571.661	126.006	509.735	29.452	6.316	42.371	1.097	126.062	9243.987	18.76	324.31	3.069	10.241	67.355	239.468	52.274	808.741	52.179	41.167	39.509	281.386	725.503	229.095	214.436	77.04	37.916	47.198	51.661	182.187	89.415	831.987	700.314	0.719	2740.2	215.299	24.549	64.655	370.302	2968.89	1870.113	827.174	30.065	115.524	122.236	91.458	31.245	5.335	61.503	60.15	62.495	20.035	80.234	287.962	64.817	38.729	6.789	288.813	38.292	744.319	150.843	2603.814	1806.074	172.271	1893.373	611.846	1272.238	1515.082	1439.113	82.167	81.5	64.497	102.385	135.601	313.404	183.023	310.099	96.258	6.604	2.165	16.816	288.977	7.019	12.156	7.249
EC72_Lipidomics_000112_POS_072-128_0 µM_0	164.383	2071.925	239.445	5.155		6295.123	1810.467	491.408	1660.124	56.146	0.231	232.6	6296.091	1794.394	270.652	1239.254	2275.373	341.315	645.846	5857.5	2214.953	247.685	267.642	208.052	294.733	195.821	496.264	1352.255	4468.055	864.266	1045.162	436.769	1027.425	445.335	17.177	1810.433	524.47	62.712	240.787	522.839	1100.646	602.35	864.605	130.73	153.986	325.916	130.73	730.158	92.656	65.182	86.101	0.894	84.492	54.955	120.078	18.467	1.219	35.425	39.947	64.128	48.822		3.712	106.268	8.608	3.584	4.819	127.832	33.429	1138.107	112.415	1674.032	22.332	12.402	226.395	1.802	106.945	13147.98	34.922	487.299	27.735	1.994	69.767	355.132	54.058	524.793	69.428	59.928	61.836	262.574	238.054	137.545	70.904	25.215	0.887	54.359	40.45	139.313	43.007	165.502	10.792		1.216	2.903	8.952	18.047	38.874	49.332	20.462	0.592	4.678	9.963	5.676	8.872	5.684	1.249	20.714				19.856	1.995	18.611	1.655	1.163		14.473	23.507	0.886	0.254	4.898	2.507	9.431	1.964	5.376	0.665	0.349	0.736	57.734	88.826	1.187	6.897	3.541	43.698	213.594	7.972	23.01	1.313	6.183	12.833	15.91	1.744	4.213
EC72_Lipidomics_000113_POS_072-129_0µM_4	64.132	830.813	412.623	1.782	2.295	4195.935	1332.43	842.243	1085.531	53.027		479.883	4216.406	1331.368	122.153	1588.474	1405.76	222.483	533.355	5452.628	1916.773	214.602	184.531	112.544	321.747	112.134	291.42	1032.772	2970.383	519.59	927.697	362.842	643.44	277.304	9.217	1333.974	299.753	72.921	177.982	211.532	875.695	650.246	326.845	142.04	104.848	300.068	134.181	519.309	46.41	57.857	118.932	70.148	88.602	188.247	109.523	4.959	1.919	15.226	10.787	23.6	14.865	14.438	3.82	36.417	3.544	2.753	5.604	108.611	8.207	790.734	84.475	1131.027	28.887	3.816	107.881	6.842	74.062	15097.113	16.493	283.288	16.139	9.902	79.423	275.659	51.047	556.378	81.879	30.216	19.298	216.898	501.54	152.549	182.851	57.436	31.894	36.892	30.681	221.577	218.098	627.53	534.43		1445.763	140.912	25.136	109.32	292.215	2225.103	988.184	562.073	39.899	80.992	134.437	20.088	20.03	8.058	33.516	54.644	15.462	8.651	3.743	234.364	42.932	30.187	1.219	214.399	3.677	751.577	53.439	2896.662	542.557	70.432	3268.354	506.706	1251.125	1031.079	1002.608	64.606	14.342	54.071	73.802	45.844	513.503	371.147	281.44	147.804	17.721	7.247	79.459	468.983	1.592	4.75	7.501
EC72_Lipidomics_000114_Solvent			36.5	1.14	1.404	1.076	3.367	0.794	3.052	0.413	0.577	154.406	1.59	1.619	3.254	0.422	3.488	5.415		2.877	0.352		2.661	0.542	2.574	0.285			0.454	0.608	1.007	0.3	0.601	1.375		10.888	0.915	0.125	0.523	0.523				0.018			0.914	3.548	4.971	2.46			1.417		0.559		0.815	1.361	0.333	0.955	2.572	0.978	0.358	1.226	0.339	2.084	0.893	0.521			0.608	0.829	1.81		0.572	0.033	1.935	2606.702	0.218	1.282	39.052	0.319	85.587	182.663	32.551	260.156	35.549	28.94	21.636	74.698	180.816	42.173	16.641	8.689	2.485	12.585	11.891	78.534	2.403	44.212	0.55	0.316	1.284		6.922	9.222		15.775	3.368	1.0			2.029	12.351	0.758	0.924	0.861	1.015	1.639	1.496	3.776		0.669	1.814	1.227	7.512	13.272		9.22	1.885	3.572		0.947		0.755		0.255			43.889	1.212	14.145		188.592	21.901	13.346	1.625	0.333	1.918	13.779	7.491	1.544	1.262
EC72_Lipidomics_000115_Pool	86.165	1395.839	479.453	118.151		2777.322	1153.005	525.069	2.196	26.841	17.013	361.637	2831.631	1151.912	169.862	1187.432	2856.09	204.801	544.441	5238.25	1902.254	189.055	394.993	88.525	211.561	158.819	306.706	807.608	2862.467	264.467	773.496	320.6	606.576	247.573	13.067	1151.912	185.369	189.587	152.115	266.407	684.908	462.138	321.099	112.043	78.143	207.454	96.787	423.133	1.979	39.991	60.389	29.724	77.102	58.537	120.7	14.658	1.701	29.53	7.751	19.171	27.081	14.638	2.786	20.98	3.224		0.549	92.253	15.686	626.58	47.157	845.532	13.188	2.546	57.061	9.702	44.868	24487.861	13.197	208.114	10.188	16.759	69.989	208.775	29.953	488.116	81.295	24.873	31.743	225.017	443.277	151.757	159.518	42.988	28.741	33.359	30.556	131.569	69.509	495.049	495.72		2679.77	175.552	14.815	40.989	221.094	2125.479	1119.16	545.15	27.01	57.34	117.501	19.567	20.232		57.829	17.781	34.931	19.904	62.345	166.918	4.9	10.394	2.098	189.835	77.794	785.42	50.884	2716.665	1254.599	59.248	3252.915	592.652	1353.577	729.074	709.63	42.563	76.495	83.944	64.818	81.043	207.432	39.694	384.363		23.266	6.862	34.422	29.427	2.346	8.525	3.688
EC72_Lipidomics_000116_Solvent			57.25	1.256	0.867	3.036		0.646	2.28	0.098	0.021	193.97	2.918	1.25			0.056	2.054	1.306		2.421	0.534	1.274	0.669	5.093	0.279			0.959	0.702	0.737	0.177	0.522	0.513	0.08	11.076	0.953	0.11	0.102		1.248	0.359	1.791	2.355			0.743	2.165		2.48	0.636	4.239	0.764		0.222		0.384		0.41			0.924	0.266	2.21	3.374	0.58	0.779	0.944		4.198		3.792	1.092	0.46	3.795	0.461	5.115	2679.804		0.469	22.071	1.471	30.001	153.924	36.838	266.962	40.947	34.798	25.754	123.798	197.536	40.234	36.875	18.661	2.005	15.585	22.013	46.388	17.465	34.523	2.498	0.43	0.926	5.077	6.207	1.357	5.281	0.796	18.996	1.282	0.766	1.319		4.069	3.035	1.117	1.337	0.526	0.79	0.187	1.718		1.616	2.634	2.774		17.497	4.188	0.781	3.515	1.565		1.259		4.213	0.986	2.005	1.172		27.601		15.275	4.822	184.016		27.604	4.119	0.318	1.313	8.374	0.979	0.723	1.255
EC72_Lipidomics_000117_POS_072-148_5 µM epi_24	90.562	1602.021	493.956	1.629	0.447	4797.88	1290.156	316.518	1107.542	92.445		498.567	4801.641	1284.834	324.146	1350.064	4206.567	353.108	925.814	8792.106	3346.756	197.037	704.016	213.523	294.261	199.874	277.725	1900.61	4757.994	599.909	1220.696	687.707	931.933	473.618	26.584	1284.834	545.469	247.862	323.481	554.246	1089.12	870.372	470.079	208.003	146.252	403.905	208.003	777.945	102.839	119.433	93.14	55.945	72.037	66.799	148.531	13.043	0.388	34.178	1.273	47.621	27.859				1.178	8.967	2.162	129.679	20.029	801.342	136.788	1143.839	19.734	10.117	91.588	5.081	131.247	9136.21	30.27	399.5	21.075	8.196	57.638	284.641	55.896	670.734	26.682	60.038	25.145	264.62	680.707	256.442	234.544	66.858	39.601	44.182	48.363	283.406	125.549	775.333	528.609	0.055	3323.915	180.797	22.919	54.745	307.408	2637.627	1606.496	629.091	44.443	87.017	162.512	24.693	19.157	3.123	67.114	26.09	50.699	16.253	132.83	195.196	36.075	21.855	1.691	171.683	2.855	902.561	130.142	1827.129	1638.119	77.82	3610.014	520.861	884.226	1098.336	1019.638	67.757	81.662	121.075	70.436	31.405	258.701	152.027	378.734	34.219	5.522	13.754	68.734	145.413	1.653	1.958	3.868
EC72_Lipidomics_000118_POS_072-154_5 µM epi:nor_24	282.368	4460.889	729.157	5.234	1.355	10371.668	4121.54	744.02	2802.837	124.739	0.22	260.027	10385.68	4116.011	702.249	3096.994	6924.328	957.219	1201.286	10955.732	4518.458	495.2	1326.556	450.664	527.022	411.998	838.33	3299.182	7587.287	1268.066	1950.509	922.071	1311.401	815.017	43.756	4116.011	1074.937	292.62	612.346	1115.986	2119.393	1343.394	1114.61	301.725	325.596	595.483	301.725	1502.771	143.083	143.821	154.012	9.546	156.09	245.049	218.813	30.55	5.375	118.624	11.575	129.366	122.351		15.591		3.933	6.887	0.397	319.49	96.41	3402.487	322.581	2891.702	71.33	136.029	1013.36	0.286	305.786	5578.977	184.657	1359.215	15.315	4.771	80.239	224.878	33.257	251.035	51.611	49.697	32.648	185.068	318.457	31.569	89.047	22.563		20.659	20.142	114.582	71.415	88.449	0.827	0.373	1.605	9.664	9.841	12.198	54.196	30.905	14.995	0.503	16.974	12.751	9.116	6.557	8.343	0.44	52.107		0.286	0.24	99.925		65.027	0.894	3.223	0.121	19.507	14.604	5.795	0.909			8.271		2.109	0.429	0.905		389.539	19.431	0.946	7.725	0.928	145.733	84.713	26.717	8.309		3.273	16.318	1.163	2.059	
EC72_Lipidomics_000119_POS_072-133_5 µM epi_4	58.637	1294.526	598.479		2.82	4128.326	944.382	644.43	830.986	32.927	0.084	543.3	4129.32	947.659	161.019	1482.002	2032.618	191.665	395.103	3819.368	1740.022	180.19	290.394	101.474	281.302	191.66	196.234	961.505	2191.525	520.653	869.516	348.936	280.531	207.914	18.998	954.499	220.71	147.344	159.921	317.812	770.616	574.105	131.529	60.103	70.964	261.92	53.316	531.856	85.508	47.399	119.377	74.706	87.125	76.241	92.339	11.989		12.674	20.421	27.163	10.552	2.059	0.832	102.35	0.39	0.369		73.241	3.204	660.32	81.749	837.466	45.644	3.473	52.972	3.858	110.754	12763.93	33.719	263.93	18.771	11.841	61.142	235.024	25.427	691.55	38.226	25.643	6.028	191.706	590.171	214.014	177.046	49.476	34.958	43.598	45.985	278.368	136.01	705.74	600.367	2.418	1208.861	205.081	18.079	87.193	320.407	2753.385	1565.679	699.732	44.791	98.236	175.359	20.531	18.222	7.996	11.158	36.243	28.355	15.643	23.726	353.194	42.223	37.702	5.171	251.336	63.901	609.797	11.017	3336.106	974.954	152.376	1643.863	670.797	1585.9	1264.908	1187.014	51.512	36.19	40.208	98.69	160.823	296.149	108.276	545.282		6.385	8.03	61.144	105.591	0.975	5.79	2.737
EC72_Lipidomics_000120_POS_072-132_5 µM epi_4	89.971	1549.751	329.684	0.939	0.615	3895.17	1132.287	555.108	1209.407	31.298		396.377	4050.13	1128.327	133.364	1505.16	2304.92	289.951	341.327	4097.013	2410.423	200.874	402.799	130.806	362.623	182.876	245.507	969.051	2504.531	521.083	1021.781	443.923	305.518	413.061	26.408	1128.327	358.932	133.375	124.92	350.08	926.844	850.73	175.423	111.542	96.572	318.433	111.542	469.52	88.853	66.871	94.181	78.552	81.637	185.471	92.353	5.746		15.235	9.388	0.802	10.512	6.295	0.769	51.857	2.517	6.385	0.781	117.452	17.068	824.076	73.118	1223.347	37.508	7.224	145.177	5.193	118.208	4705.898	20.316	244.363	19.074	3.228	47.971	267.878	34.672	590.904	82.743	52.909	35.674	208.872	505.187	154.1	187.752	56.271	20.712	41.058	41.043	253.998	104.795	507.763	550.583		681.186	173.119	14.707	70.347	252.433	2264.148	1537.789	625.272	35.596	84.959	124.493	41.722	13.854	6.454	18.128	35.744	17.798	20.657	31.167	182.146	24.646	16.96	4.125	243.252	131.996	859.143	71.535	3464.213	1747.908	62.557	4066.651	458.109	1508.005	1321.896	1262.924	64.972	54.061	92.925	86.572	154.951	432.577	418.112	254.459	79.587	3.95	8.635	108.836	513.567	11.088	1.952	4.457
EC72_Lipidomics_000121_POS_072-142_TNFa_4	132.389	1817.017	456.108	3.003	0.253	4545.236	693.634	998.074	1284.915	50.194		527.422	4612.602	700.066	219.14	1740.936	3113.129	314.764	617.087	5800.953	2675.69	232.359	510.2	125.297	429.599	150.563	371.014	1386.545	3430.368	577.282	1336.36	484.935	566.166	377.948	17.552	700.066	448.476	206.277	278.87	451.425	1096.646	877.068	332.085	133.691	87.286	357.721	133.691	711.765	166.649	81.478	179.542	60.411	142.815	107.496	143.163	8.652	1.306	23.072	0.575	41.512	23.483	6.945	6.759		3.119	9.377	0.589	128.362	6.748	820.976	145.447	1302.645	33.386	5.347	110.858	1.831	96.566	8997.028	14.98	326.564	4.095	41.281	74.035	198.837	42.975	530.197	4.185	64.534	59.313	225.646	557.285	212.802	188.83	64.559	29.627	32.679	30.861	234.964	142.338	800.968	602.618	1.409	3879.529	229.587	20.028	110.808	372.543	2942.772	1634.675	772.726	43.271	127.744	151.959	57.276	30.052	9.079	41.33	13.788	63.252	29.247	17.468	240.981	9.603	22.314	0.407	291.244	140.019	1073.22	187.57	2334.829	904.823	135.972	3854.385	764.4	1291.707	1598.5	1518.334	82.771	87.415	40.334	78.604	164.88	678.128	431.731	414.126	269.463	6.972	1.958	79.69	901.96	15.292	2.267	10.107
EC72_Lipidomics_000122_POS_072-134_5 µM epi_4	84.302	1390.643	428.53	0.848	3.679	2388.147	503.283	241.433	765.679	30.208		473.913	2413.819	508.43	145.412	597.407	1810.361	195.905	523.087	5074.471	1761.619	92.013	277.243	87.647	116.061	139.629	350.668	802.708	2939.445	188.052	713.238	376.674	608.475	230.828	13.373	508.43	246.532	118.846	150.955	297.009	590.866	632.487	337.028	119.6	109.514	223.804	78.879	463.426	43.292	66.691	74.151	47.474	64.306	63.508	121.661	1.654		10.731	18.638	23.431	3.13	4.83		83.48	2.476	0.573	1.61	99.104	12.043	572.54	81.926	783.491	5.851	1.595	48.91	2.561	84.583	7507.316	9.47	166.958	11.845	14.655	77.93	276.641	43.549	663.081	78.318	43.758	8.15	234.737	589.24	190.223	227.776	58.163	27.819	50.67	39.549	243.651	198.299	723.161	569.729	0.934	1247.806	174.999	12.898	115.605	284.93	2783.165	1681.609	732.362	42.861	93.164	120.936	56.179	28.01	6.178	31.297	35.857	23.265	12.199	48.28	296.991	29.597	30.64	5.818	264.279	140.526	684.411	63.503	3392.752	1703.653	68.003	3906.125	437.831	1331.468	805.141	781.075	55.668	6.82	53.262	75.546	41.18	280.887	203.557	316.072	29.593	10.036	5.718	75.0	40.136	1.94	12.21	5.903
EC72_Lipidomics_000123_POS_072-139_5 µM epi:nor_4	67.6	1347.123	566.785	0.981	0.328	3964.124	807.277	599.564	986.404	38.411		538.015	4036.327	801.53	195.968	1435.988	3220.455	299.165	633.802	6158.088	2764.965	249.719	499.149	135.339	356.446	146.46	329.772	1296.452	3693.668	524.706	1284.833	512.136	692.172	416.556	27.732	804.802	430.089	235.724	231.143	426.379	1084.97	901.006	385.806	132.644	92.176	362.348	132.644	672.251	148.208	79.81	154.116	81.995	116.696	59.893	131.949	0.787		21.786	47.836	18.506	24.289	9.879		140.961	0.371	0.369	2.561	106.863	20.209	621.214	78.456	1052.831	29.574	4.594	47.654	5.529	139.997	11572.346	16.704	249.563	2.347	25.493	59.988	246.036	33.177	553.44	68.961	35.279	42.58	211.392	623.369	219.208	188.863	55.467	38.474	43.231	32.763	332.916	103.439	772.866	551.953	0.518	2467.259	239.487	26.064	133.627	349.759	2692.93	1805.883	757.797	65.894	100.494	196.497	55.956	17.279	2.349	41.873	47.851	50.393	26.321	25.495	282.081	55.097	30.803	8.262	315.965	144.051	477.039	75.557	3968.157	1002.727	199.763	1759.817	532.946	1577.159	1472.538	1415.507	64.332	83.984	86.264	109.785	145.875	595.276	382.359	324.373	145.263	14.154	20.384	60.756	632.97	2.258	4.139	4.739
EC72_Lipidomics_000124_Solvent			53.039	0.561	0.158	0.404	1.431	0.612	0.231	0.438	0.145	177.821		1.197	1.686	0.705	1.831	7.304	0.979	0.726	4.277	0.666	0.847	0.744	6.46	0.648			4.365	0.128	0.71		1.534	1.567	0.388	1.197	4.158	0.334		0.14		0.17	0.394	1.241				5.444	2.014	1.039	0.471					1.054	2.474	0.46	0.756	1.302	0.845		1.046	0.083	0.582	0.158	0.277	1.114	1.085			12.193	1.165	1.005	4.4	0.226	1.169	2098.442	2.468	0.707	11.777	0.331	79.24	204.214	31.474	349.667	49.234	37.978	34.264	95.501	237.164	20.297	42.342	20.194	4.002	14.219	17.148	59.761	9.51	37.037	5.335	0.1	5.433	10.934	1.032	3.409	5.828	12.882		0.976	3.745	0.944		8.269	1.361	1.346	0.089		0.683		0.556	1.693	0.434	0.52	1.551		6.251		10.675	0.887	1.175		6.159		1.859	0.888	1.434			92.999	0.706	3.657	1.233	189.338	19.501	12.993	11.936		5.84	16.47	3.293	4.029	2.01
EC72_Lipidomics_000125_Pool	101.078	1781.737	453.888	107.551	0.486	2507.756	1168.73	692.717	836.183	40.983	22.531	306.773	2532.632	1155.316	183.82	1631.877	1937.417	241.718	463.875	4537.572	1766.814	199.147	270.028	89.347	285.361	168.096	189.478	750.651	2403.583	177.336	889.783	322.343	385.433	220.312	12.447	1155.316	199.502	105.919	135.207	270.186	746.383	570.466	184.951	71.174	103.903	233.643	61.903	459.796	106.576	49.402	84.72	27.605	96.202	74.095	105.069	9.291		20.231	17.233	40.639	40.325	0.125	1.058	21.393	1.522	1.264	3.174	114.554	5.421	601.886	96.011	898.601	19.525	3.845	62.934	7.291	71.532	18009.848	15.156	212.635	0.078	4.288	50.495	179.338	41.282	483.016	4.76	42.169	1.815	178.722	335.56	144.401	114.023	56.565	29.52	31.212	22.404	187.96	169.11	552.811	489.904	0.689	2500.469	174.47	18.093	60.109	224.724	2012.592	1472.798	541.86	8.052	70.996	113.298	33.862	20.993	7.089	50.343	42.76	32.131	19.453	56.224	186.154	32.736	11.789	2.377	192.88	73.938	762.12	61.329	2469.205	1174.984	67.871	3308.494	563.416	1214.589	613.302	601.174	50.536	23.948	132.679	60.028	33.093	229.376	74.85	410.639	14.172	12.072	8.473	47.088	61.436	0.802	2.532	3.681
EC72_Lipidomics_000126_Solvent			41.088	0.647	0.311	0.824	0.723	2.726	0.302		0.407	164.944	0.727		2.57	2.32		3.821	0.257	4.033	2.773		3.197	0.519	2.561				0.519	0.26	0.961	0.769	0.882	0.98	0.26	8.482	0.407	0.042	0.332	0.673		0.307	0.16				0.865	1.509		2.073	0.5		0.991		0.421	0.975	0.751	0.423	0.173			0.741	2.148		1.221	0.344	1.037	0.825	0.503		0.324		0.848			1.483	1.847	2729.808	2.206		5.406	0.957	45.491	212.875	23.552	277.632	55.882	38.59	40.045	120.129	191.173	19.202	47.237	10.962	3.154	14.255	12.019	78.262	22.338	21.497	1.223	0.05	2.413		3.364	9.659	4.261	15.765	8.957	0.493	0.936	0.954	0.697	8.263	1.715		0.592		0.56		0.447	1.096	1.651		0.034	6.347	11.834		17.058	0.126	1.92		0.719		4.105	1.876	1.457	2.78	3.254	35.417		6.919	3.314	138.996	20.155	3.692	1.799	0.35	1.143	8.445	2.974	2.149	
EC72_Lipidomics_000127_POS_072-152_5 µM nor_24	425.594	3118.493	370.417	0.5	1.03	3484.85	923.959	117.58	77.561	73.585		461.539	3483.748	919.198	163.283	268.433	11637.462	1014.885	734.532	6640.128	3016.886	50.645	1729.268	159.294	33.061	122.028	459.708	1285.139	3833.98	353.176	100.521	311.612	788.778	453.113	15.629	919.198	410.559	836.983	253.85	266.679	778.204	328.587	407.863	113.254	165.843	80.863	102.148	606.113	90.728	66.128	96.981	3.743	73.915	76.976	127.137	6.788	2.848	29.93	0.294	120.25	54.246	3.689	4.746	1.84	0.532	1.266		440.775	33.948	2315.952	384.859	91.501	7.664	7.213	131.063	7.328	76.854	6230.207	15.531	264.221	5.387	13.003	71.575	262.208	48.677	672.669	110.797	61.113	54.062	203.829	579.621	213.302	187.321	48.545	35.804	36.59	45.441	243.63	122.833	677.125	546.087	0.619	3036.343	191.389	21.64	91.373	343.119	2452.302	1625.475	611.799	35.432	71.035	132.752	27.5	10.706	1.628	60.395	49.035	36.661	12.539	90.746	155.632	61.899	13.637	3.179	282.777	133.607	869.879	100.567	3786.555	1913.544	83.271	4246.404	683.134	1704.796	1091.124	987.033	135.839	260.589	95.819	259.393	107.421	493.904	351.032	289.962	116.0	10.672	19.835	76.004	290.068	13.843	1.232	6.587
EC72_Lipidomics_000128_POS_072-137_5 µM nor_4	200.689	6592.771	616.628	1.423	0.488	22708.59	925.413	4090.625	4781.542	181.36	0.052	509.146	22690.223	919.464	1035.802	7630.25	17405.195	1275.066	774.838	29949.184	12830.899	970.478	2300.999	577.258	1714.073	666.794	109.271	7077.296	18590.496	2502.996	5495.949	2531.469	3057.535	1685.416	16.767	930.674	1185.292	1054.577	753.552	2012.677	4860.18	3488.913	787.313	926.975	672.436	1382.627	926.975	3536.301	685.906	288.681	572.004	266.613	462.11	315.494	621.823	180.155	0.865	23.235	22.355	160.873	60.551		2.473	767.683	3.901	1.352	9.505	647.189	122.526	4009.845	595.328	4871.592	158.665	9.154	295.383		557.483	45249.922	26.358	328.586	2.57	3.758	64.525	219.74	80.585	839.665	88.383	78.12	82.79	224.537	995.215	193.37	198.621	73.813	19.936	44.016	33.355	398.645	167.635	792.203	618.556	0.042	1308.222	169.638	27.998	120.335	413.963	2611.949	1780.288	664.798	59.001	95.622	157.56	33.901	19.535	13.994	187.097	23.915	29.646	17.108	60.172	246.441	36.0	35.367	5.052	79.579	147.432	665.389	51.591	3086.869	1533.875	160.462	1877.593	547.004	1480.049	5342.683	5689.853	128.563	268.518	37.785	272.206	419.218	386.1	257.474	213.845			26.49	32.408	144.722	5.908	1.254	3.614
EC72_Lipidomics_000129_POS_072-145_0µM_24	105.707	1525.863	430.865	6.763	0.035	4448.584	920.175	714.294	1055.876	29.137	0.063	520.127	4480.691	911.063	274.185	2411.271	4064.641	318.619	752.512	7180.951	2869.491	318.071	578.582	162.045	422.217	205.016	343.965	1759.828	3805.619	546.101	1240.08	475.153	718.572	366.24	16.113	911.063	401.991	221.506	290.452	438.49	1136.702	775.698	349.047	84.487	100.51	379.533	42.392	718.62	170.03	70.638	157.265	50.377	35.058	106.488	148.366	34.444	1.97	20.796	5.601	55.264	27.27	9.243	2.041		1.008	3.864	9.585	145.33	24.085	925.639	117.92	1085.482	39.343	4.682	130.072	4.725	146.136	8714.836	22.8	396.171	27.232	13.767	3.407	237.906	27.478	510.642	63.562	34.271	17.076	204.685	613.293	168.732	200.311	55.537	30.218	46.078	41.354	191.06	110.157	510.379	510.24	0.712	2268.057	221.463	17.732	86.286	247.426	2334.231	950.566	554.768	32.128	81.672	120.805	26.866	28.203	1.34	48.361	48.126	40.056	8.785	50.882	302.941	53.614	38.216	4.285	306.473	141.935	1092.691	71.522	3918.689	1322.335	83.446	4084.863	773.279	1838.157	1553.033	1451.093	82.281	86.477	91.335	96.553	146.525	456.854	459.501	311.49	169.428	10.483	6.032	47.65	621.881	11.176		5.831
EC72_Lipidomics_000130_POS_072-126_0 µM_0	55.608	1262.88	331.918	0.594		3637.285	823.178	578.872	850.359	39.135	0.32	478.206	3647.722	812.174	129.283	1382.969	2456.379	156.409	463.901	4979.616	1888.993	218.682	344.101	67.265	265.3	116.326	317.353	928.821	2832.266	478.863	787.496	250.395	690.834	275.822	6.639	820.718	264.64	135.861	179.159	201.945	713.27	443.959	365.34	91.312	78.215	225.692	91.312	452.228	104.923	53.533	112.683	62.075	77.371	67.679	101.793	8.833	1.052	20.227	24.958	34.793	9.429	20.066	2.27	125.673	5.407		0.623	99.842	5.877	703.987	74.029	906.867	24.542	3.746	124.296	3.7	52.399	14919.499	6.994	257.894	4.867	16.964	77.942	308.972	35.62	593.08	68.824	40.596	39.841	261.01	507.448	133.581	157.165	51.606	23.261	29.816	51.679	178.913	88.331	419.119	484.255		2823.807	147.328	9.533	59.641	204.722	2029.004	1292.186	538.509	30.407	58.868	87.643	59.69	18.926	2.877	31.822	50.193	31.786	11.641	11.091	198.054	38.89	25.0	1.663	198.227	71.974	554.508	87.49	2929.649	589.743	160.278	1945.832	594.735	1295.739	1012.51	994.814	44.168	81.694	95.145	57.679	104.712	9.761	345.632	235.572	109.85	28.176	1.412	37.657	394.116	9.998	6.061	5.18
EC72_Lipidomics_000131_POS_072-158_TNFa_24	129.272	1909.365	389.677	0.829		3194.664	1395.956	653.376	1131.449	79.819		475.184	3193.712	1383.387	345.987	3374.831	4843.861	331.656	988.647	9100.584	3376.535	466.777	713.012	190.389	471.584	182.706	562.185	1556.991	5018.594	186.418	1660.275	554.794	993.489	441.28	33.203	1383.387	494.168	228.865	342.45	497.42	1241.889	904.595	522.343	126.062	146.145	442.143	126.062	804.42	140.181	116.829	106.491	33.428	85.584	45.92	142.721	3.834		23.464	3.259	36.579	29.165	6.57	3.696		0.737		4.439	150.022	1.568	1039.07	151.674	13.234	41.07	4.559	119.979	4.424	105.757	3132.207	48.211	504.376	12.529	13.964	62.972	236.668	47.718	502.525	127.059	59.579	42.31	196.554	515.078	231.175	247.012	60.555	25.171	35.158	38.465	264.723	144.373	723.781	565.126	0.439	2899.964	197.016	21.981	139.473	342.304	2119.512	1562.505	663.538	45.089	101.447	124.006	109.514	27.37	11.427	99.209	21.006	35.399	16.633	123.505	194.488	32.195	24.643	2.319	284.065	159.029	1037.6	92.589	3646.078	1931.992	86.982	3966.428	742.561	1732.566	734.025	695.875	79.226	142.017	173.317	69.478	122.783	498.724	559.809	578.318	232.164	17.515	0.904	103.738	787.777	7.651	2.393	16.787
EC72_Lipidomics_000132_POS_072-143_TNFa_4	126.029	1619.376	454.125	1.681	0.244	4752.689	751.424	871.096	1196.561	55.247		521.921	4796.032	744.874	247.421	1870.33	1741.392	326.503	702.978	6860.623	2575.389	288.723	276.554	146.779	412.181	152.38	437.84	1321.207	4050.066	572.382	1515.653	511.997	775.857	347.188	13.45	746.826	344.037	84.726	167.068	453.799	1134.213	896.043	444.691	115.701	135.219	372.13	71.521	786.064	165.155	90.798	187.068	62.763	167.75	130.215	152.298	10.704	4.336	33.395	2.582	60.512	29.599	20.594	22.166	4.031	5.924	0.58	0.47	132.317	26.927	807.975	151.615	1222.878	32.82	8.816	83.029		109.323	8689.617	28.353	379.814	4.526	21.471	78.167	245.85	35.036	500.275	51.067	34.747	31.145	218.036	582.387	183.212	221.294	53.95	22.963	31.302	33.872	232.621	230.159	642.393	608.134	0.201	3839.2	203.68	14.79	124.175	302.294	2837.191	1766.671	779.072	39.92	90.704	113.525	51.101	29.819	2.081	19.061	47.53	62.783	22.076	57.904	248.446	26.962	27.489	7.122	153.865	62.726	1001.869	133.597	3439.446	1957.056	141.589	3131.671	784.086	1726.095	1342.113	1283.203	80.339	23.284	15.676	75.705	42.869	193.062	12.068	120.035		20.56	3.208	13.338	12.309	6.098	4.791	4.702
EC72_Lipidomics_000133_POS_072-140_5 µM epi:nor_4	96.205	1609.217	462.38	0.859		3691.381	1016.155	626.165	882.063	60.13	0.035	507.169	3684.945	1011.785	217.715	1602.067	2035.183	282.175	657.02	6102.025	2184.479	237.989	329.992	108.373	377.255	157.886	369.401	1198.428	3568.249	370.419	1177.543	406.902	657.964	286.086	35.042	1020.196	361.66	134.859	251.409	408.672	1051.263	746.899	344.015	109.414	100.587	329.904	94.697	681.476	145.498	79.226	174.887	48.907	137.472	100.98	135.018	7.191		20.029	35.96	37.902	17.64	13.529	8.063	16.139	5.58	1.914	0.299	123.155	18.694	601.721	110.159	904.679	19.897	6.808	55.901	4.012	142.824	8500.146	23.169	331.939	7.607	17.814	58.055	245.907	35.143	645.475	95.514	42.339	38.718	193.555	544.355	182.792	235.946	60.117	37.866	40.463	38.423	228.155	146.109	764.078	593.27	0.444	2653.662	210.273	21.305	102.098	334.969	2946.825	1793.32	723.461	48.318	99.139	162.722	39.198	22.182	9.467	36.367	49.306	53.679	23.298	41.366	281.056	46.514	26.737	7.003	266.564	135.557	963.318	63.934	3776.712	1734.424	79.234	3932.651	673.98	1724.91	1002.736	972.393	66.072	35.743	42.594	101.443	93.013	566.537	303.995	106.606	192.396	9.426	1.23	33.98	689.188	3.299	1.302	4.716
EC72_Lipidomics_000134_Solvent			53.421	1.835	0.427	1.294	1.261	1.889	0.681	0.359		160.301	0.738	1.716			0.755	1.243		1.045	0.283	1.334	6.519	1.534	14.58	0.3		1.067	0.544	0.892	0.49	0.297	1.18	0.733	0.28		0.801	0.15	0.705	0.615				0.682			0.994	2.021	7.112	2.352		0.42			0.219	1.617	2.385	2.262	0.377	1.964		0.453	0.672	1.652	2.633	0.335	1.796		0.606	1.311	0.562	0.626	0.28		0.877	0.247	0.256	2346.045	2.699	1.142	11.913	0.847	68.546	202.969	23.596	261.012	58.635	21.534	22.712	93.998	204.645	35.886	19.961	12.919		7.341	11.905	97.35	7.005	0.985	9.48	0.298	3.402	1.565	3.614	9.176	7.919	15.237		1.829	5.137	1.04	0.747	7.582	3.302	0.392	1.902	0.314	0.191	0.64	0.462	1.761	1.149	0.892	2.28	1.183	10.505		7.086	0.793	0.924		0.431		3.698	0.703	1.901	0.85		74.344	1.387	2.884	4.016	28.519	75.244	5.761	2.44	1.148	6.89	4.343	1.739	4.361	5.94
EC72_Lipidomics_000135_Pool	99.806	1182.24	502.07	112.08	1.615	2350.247	1116.117	654.267	874.714	50.76	17.196	345.555	2377.663	1108.71	179.661	1593.362	1246.923	214.337	480.277	4338.877	1517.047	202.3	131.833	48.585	258.377	140.415	257.9	700.899	2270.474	167.243	758.852	313.385	370.24	126.205	5.405	1113.476	198.528	62.369	127.473	141.601	645.998	472.466	216.929	86.255	72.284	226.503	71.265	405.925	89.303	40.566	82.393	24.589	87.438	63.054	84.937	4.155		29.737	13.244	31.693	37.237	2.335	1.813	52.694	1.661	1.624	1.056	111.989	15.519	564.815	79.258	911.686	1.505	4.095	49.869	12.74	30.978	14483.863	8.76	224.695	17.076	23.098	58.209	222.595	40.85	377.921	53.358	42.208	35.594	163.726	360.626	114.454	147.977	49.553	25.936	23.09	32.236	161.296	92.429	399.867	498.957		2752.743	153.705	16.17	32.34	215.733	1990.465	1410.237	535.679	26.089	69.005	101.501	28.699	17.264	2.199	50.214	26.653	28.723	7.881	24.803	163.544	18.752	13.174	3.581	186.394	85.849	480.576	45.985	2686.52	809.836	128.74	1209.57	528.498	1255.228	533.154	510.9	43.056	14.708	115.918	63.914	96.187	417.633	402.205	339.034	175.946	1.424	2.735	35.576	579.844	0.506	0.547	6.965
EC72_Lipidomics_000136_Solvent			52.83		0.232		0.194	2.221	0.976	0.989	0.545	178.919		0.834	9.066	1.184	1.308	5.069	0.499	1.627	1.521	0.533	5.808	0.68	4.977	0.931			0.449	0.5	0.528		0.254	0.33	0.988	2.72	4.914	0.017	1.075	1.235		0.12	0.6	0.119			0.083	0.981	7.567	2.175	0.449				0.035	0.602	6.521	0.575	2.166		1.974	1.144	1.134	1.133	0.628	4.304	0.269	0.639		1.282	3.026	1.147	0.037			0.319	0.109	1434.747	1.895	0.751	20.625	1.928	97.607	173.562	31.882	227.405	18.3	23.827	0.751	89.048	207.565	29.081	10.02	18.827	1.837	15.563	13.028	64.437	9.249	26.837	2.208		0.472	2.065		0.094	5.656	13.072		1.209		2.216	2.647	10.982	1.92	0.53	1.152		0.036	0.331	0.577		0.32	0.333	0.822	0.904	4.339		2.593	0.399	2.019	0.887	0.105		5.258		1.508		1.59	35.667	0.987	9.761	3.709	16.421	11.16	9.147	14.017		2.111	9.423	5.623	0.621	
EC72_Lipidomics_000137_POS_072-127_0 µM_0	59.644	1061.08	378.729	3.162	0.313	3805.238	1017.035	613.185	712.843	10.972	0.348	449.62	3804.856	1005.768	102.828	1141.51	1177.348	118.213	349.138	3801.295	1072.194	169.545	146.589	65.701	212.052	78.726	211.719	698.793	2117.053	497.935	560.275	145.486	517.519	43.206	7.114	1011.706	157.019	61.11	105.616	128.949	543.916	286.391	247.03	37.593	54.061	168.689	37.593	348.387	97.877	39.873	68.976	19.969	69.997	76.266	64.495	4.299	1.087	9.221	22.031	24.426	7.536	2.109	1.748	123.367	8.84	3.421		52.956	17.6	377.327	47.847	754.347	20.832	3.057	23.952		57.893	13127.043	9.835	157.87	17.896	6.574	84.856	253.979	38.846	480.847	69.61	61.847	63.571	211.629	443.308	138.566	159.682	64.356	17.18	38.053	33.283	286.173	78.055	441.691	480.805	0.142	999.759	164.511	12.795	73.918	198.04	1956.976	1382.873	545.898	40.878	59.209	109.38	31.632	9.041	6.432	17.616	20.424	20.317	9.272	28.319	219.246	28.82	20.822	3.629	179.544	107.935	639.012	127.354	1410.323	990.541	53.299	2890.233	458.942	684.313	950.282	925.411	51.608	15.104	73.054	70.179	21.639	467.974	438.249	282.588	149.01	7.374	3.558	43.195	495.188	13.275	1.447	3.708
EC72_Lipidomics_000138_POS_072-147_5 µM epi_24	126.713	1898.794	434.408	0.24	0.978	5534.778	1830.376	512.466	1349.678	78.251	0.711	472.693	5582.48	1825.174	318.778	2009.744	4859.594	541.331	877.529	8775.336	3487.584	373.029	768.126	218.803	365.444	156.938	403.42	2098.258	4765.491	618.648	1326.11	538.327	974.407	488.069	14.014	1833.201	506.79	232.97	333.648	571.943	1111.365	802.361	463.457	194.998	107.881	363.339	194.998	766.408	81.312	104.228	84.731	61.088	95.828	101.15	126.149	14.124		43.329	6.418	57.026	27.558	8.915	1.827	1.429		4.785	10.221	178.021	36.739	1215.358	159.104	1355.903	38.389	3.761	210.752	1.577	112.338	7967.265	49.814	460.133	5.109	5.991	64.827	252.285	63.941	501.348	118.85	56.92	35.939	178.04	483.13	185.122	199.41	56.431	22.788	33.873	38.53	169.137	236.652	622.432	552.763	0.764	1046.005	143.847	7.318	90.111	322.931	2136.131	1575.204	634.781	36.635	90.527	117.754	76.954	10.591	1.894	61.696	41.566	15.634	13.796	109.992	263.379	85.611	26.814	3.836	267.981	142.455	1144.327	90.853	3408.577	1833.988	88.67	4227.92	798.403	1709.641	1252.934	1193.074	79.874	121.345	96.062	96.443	131.286	109.987	164.823	397.375	41.329	4.786	10.683	94.006	85.787	14.409	0.768	4.738
EC72_Lipidomics_000139_POS_072-149_5 µM epi_24	75.402	1843.813	568.875	6.948	0.602	4778.069	1352.792	858.652	1157.916	90.404	0.078	657.742	4782.064	1338.803	442.259	2704.426	4698.063	575.673	805.28	7518.01	3721.969	345.842	725.814	164.402	560.814	192.259	208.522	2359.305	3979.086	585.589	1748.211	624.037	632.905	485.438	31.71	1352.556	468.5	227.202	394.828	558.188	1273.233	794.199	306.67	220.879	113.885	329.301	179.149	1012.119	181.769	119.819	167.857	61.439	151.788	126.988	103.625	34.074	2.338	29.856	4.621	46.646	28.224	0.123	3.324	6.73	1.02	0.648	1.693	130.444	38.63	1130.378	138.024	1212.977	35.622	10.668	164.459	2.24	108.2	8845.024	25.513	403.928	29.863	8.154	74.881	230.922	83.038	499.366	194.625	102.285	99.093	143.764	639.346	221.223	267.519	84.666	26.678	45.204	66.073	374.746	231.169	771.583	594.543	0.149	769.057	169.786	22.811	142.796	403.884	3000.08	1868.877	707.437	59.453	140.06	168.472	23.244	7.909	1.513	47.22	33.059	25.892	12.496	84.152	328.555	82.163	38.349		356.226	146.222	1172.075	199.925	2551.24	1384.102	97.063	4724.0	855.039	1244.128	1723.422	1570.002	95.759	71.734	39.587	117.161	141.989	473.693	374.501	247.813	211.967	0.17	20.323	45.6	735.505	13.015	4.208	2.311
EC72_Lipidomics_000140_POS_072-141_TNFa_4	98.132	1157.813	588.28	0.534	0.285	3508.089	1425.252	447.497	938.09	14.912		614.998	3530.069	1409.249	168.025	970.305	1737.377	229.78	576.061	5244.307	1717.577	193.493	277.069	116.691	214.759	108.938	348.402	811.188	3062.563	300.053	869.236	295.971	625.16	210.121	18.195	1409.249	168.06	129.186	153.006	203.42	705.915	539.837	325.621	101.846	87.691	233.672	73.574	539.604	71.168	41.899	93.864	62.878	51.206	67.435	108.674	3.957		12.337	3.135	33.012	15.263	15.703	8.173	2.02	4.182		1.359	104.178	17.082	492.239	118.361	948.186	11.462	3.562	37.853	1.745	102.409	4993.921	19.873	277.058	10.63	18.492	72.893	240.667	75.858	633.469	102.324	48.066	45.717	256.55	722.525	162.454	246.951	69.668	38.416	36.424	39.253	266.392		806.194	639.97		3366.215	229.675	17.461	153.667	353.919	3011.363	1765.439	768.016	37.913	12.585	170.309	68.433	16.602	11.099	14.685	80.505	84.418	28.5	41.43	447.921	36.57	56.208	5.76	260.694	147.172	621.731	77.989	3890.761	1827.197	178.219	2108.352	628.476	1717.162	849.781	873.991	52.97	15.797	140.061	95.212	105.737	408.104	81.971	591.421	22.222	55.75	27.632	89.713	155.986	16.821	12.283	11.634
EC72_Lipidomics_000141_POS_072-135_5 µM nor_4	84.942	1434.175	399.592	7.255	1.443	4028.058	566.949	854.395	1064.142	32.485	0.361	570.113	4021.402	574.375	66.267	1563.645	2803.26	215.621	441.825	4622.296	2212.332	227.099	345.201	102.027	361.685	151.605	201.473	1009.105	2615.281	466.548	1034.718	477.499	439.155	309.657	19.387	591.746	276.468	184.05	177.431	287.429	877.731	637.932	238.381	140.277	77.172	275.774	116.751	562.165	117.063	52.486	135.029	100.955	114.769	79.962	105.338	9.297		4.307	41.694	14.113	6.262	3.208	15.901	115.388	0.705	0.633	2.847	115.494	10.092	541.398	69.18	1096.544	29.286	2.323	16.219	7.598	5.133	11492.572	10.055	276.628	8.122	14.701	83.556	301.095	52.972	675.456	64.581	42.001	44.355	300.946	645.63	210.408	181.685	45.816	30.896	36.141	58.566	271.736	128.746	632.131	537.796		3858.616	184.648	8.155	99.443	335.616	2285.2	1646.697	611.266	42.504	111.337	122.962	56.655	13.638	4.12	22.281	78.206	45.44	3.894	50.057	247.518	39.977	29.585	0.802	259.126	85.74	797.855	91.325	3757.072	1981.3	178.217	2065.238	764.271	1890.168	1305.437	1253.705	57.338	70.292	149.392	101.725	153.27	433.849	509.099	311.467	191.054	20.248	4.26	68.353	616.122	10.387	5.239	9.891
EC72_Lipidomics_000142_Solvent			42.641	3.623		0.713		0.377	0.284		0.561	158.383	2.639	0.437	2.6		2.479	2.396	0.792	1.007		0.555	0.991		1.309	0.267			0.647	0.393	0.838	1.463	0.218	0.979		1.288		0.006	1.02	1.456		0.734		0.276			0.15	3.197	6.441	0.577	0.574				0.409	1.46	4.36	1.734	1.649	3.911	1.739	2.087	3.256	0.925	0.51	4.65	0.288	0.708	1.002	0.967	0.488	0.794	0.314	0.694	5.144	0.548	0.572	2087.015	1.184	1.572	19.906		97.403	257.657	41.848	348.298	36.709	39.151	16.311	96.535	214.072	59.403	38.771	14.635	0.456	19.57	15.278	49.784	11.905	57.286	5.243	0.556	1.597	1.8	6.844	5.957	12.183	18.729		1.509	2.741	0.205	1.779	10.067	2.15	0.947	1.014	0.374		0.059	3.174		1.097	2.589	5.169		22.29		6.794	1.777			2.821		0.673	0.251	0.309	0.783	3.784	21.468		5.478	10.213	9.565	10.017	3.795	8.358	1.029	0.947	7.579	0.519	2.485	1.666
EC72_Lipidomics_000143_Pool	92.157	1689.364	466.503	106.645		3188.806	1098.122	683.538	881.077	41.106	0.589	351.609	3203.839	1097.772	160.911	1598.324	2674.06	226.996	534.455	4876.052	1869.246	203.445	366.146	101.595	293.563	111.11	267.435	840.226	2562.325	345.765	840.738	339.206	541.766	238.82	19.156	1097.772	217.073	170.281	142.811	276.814	746.48	538.961	250.002	90.447	87.04	223.416	68.779	434.593	86.982	51.077	112.855	35.146	110.425	59.019	98.857	2.806		15.958	20.29	31.577	27.302	3.282		12.78	2.185	6.942	4.193	96.888	12.379	577.997	86.014	887.348	23.12	1.548	54.473	0.167	59.077	28581.512	15.7	192.863	11.014	2.981	60.583	188.316	45.497	489.918	64.751	55.019	37.716	109.798	379.885	138.831	151.694	49.109	11.045	28.024	30.755	152.986	85.618	468.389	516.227	0.058	528.77	143.318	13.806	65.469	201.797	1979.974	1400.899	521.346	32.866	47.495	103.965	38.562	7.383	2.001	73.069	44.864	16.445	9.028	9.602	177.074	32.862	4.588	0.451	178.814	72.229	634.559	55.628	2671.114	626.909	63.021	3116.594	449.114	1109.07	821.167	811.472	50.208	91.313	26.873	50.722	93.363	193.432		4.908	5.024	3.107	6.652	1.275	10.745	3.471	4.635	1.715
EC72_Lipidomics_000144_Solvent			55.059	0.919		1.836	0.435	2.762	0.331	0.684	0.17	229.375	0.722	0.67	0.714	0.513		0.793	0.542	2.757	0.743	1.155	0.279	1.077	1.213	0.712	9.381		0.269	0.474	0.961	0.205	1.218	0.514	1.56	0.67	1.445	0.065	0.335	1.13		0.695		0.897				2.764	1.064	2.501	1.3	0.303			0.26	0.954	1.888	0.777	1.199	1.437	0.768		3.935	0.826	2.651	0.529	0.144		0.445	0.596	0.757	0.938	1.45	0.602		2.103	0.579	2760.996	0.213	0.431	6.834	0.723	58.315	179.99	24.831	284.423	29.284	37.856	36.594	122.955	239.752	54.242	25.449	13.151	1.818	14.725	14.435	43.51	16.352	17.839	2.914		1.902		4.128	0.515	13.067	22.038		0.153	2.595	3.97	1.679	11.782	1.103	0.875	0.799		0.258	0.845	1.609	1.82	0.26	3.831	0.458	1.959	18.244		0.949	0.801			2.68		5.777	1.152		0.797		15.25	0.863	8.49		168.68	14.685	11.039	4.465	0.75	1.024	8.0	1.164	2.501	8.009
